ref,title,description,county,status,date_lodged,date_signed,list_type,source_url,energy_type,week_ending,latitude,longitude
324642,"Electricity Development Applicationlocated within the townlands of Gotoon, Coolscart and Kilfrush, County Limerick (www.EastLimeri...Case reference:324642Status:Case is due to be decided by 15/03/2027Description:Proposed development of a 220kV Loop In Loop Out (LILO) Gas Insulated Switchgear (GIS) substation, Battery Energy S...Date lodged:14/09/2026EIAR:NoNIS:YesPartiesHarmony Solar East Limerick Limited
								(Applicant)Harmony Solar East Limerick Limited
															(Active)","Proposed development of a 220kV Loop In Loop Out (LILO) Gas Insulated Switchgear (GIS) substation, Battery Energy S...",Limerick,Case is due to be decided by 15/03/2027 Description: Proposed development of a 220kV Loop In Loop Out (LILO) Gas Insulat,14/09/2026,,N,https://www.pleanala.ie/en-ie/case/324642,bess,18/09/2026,52.6638,-8.6267
324656,"REDIII Amendment - Private Developmenton lands at Clonmellon, Kilrush Upper, Kilrush Lower, Newtown,
Ballinlig, Carnybrogan, Cavesto...Case reference:324656Status:Case is due to be decided by 19/01/2027Description:Request to alter the terms of the previously permitted Knockanarragh Wind Farm (ABP-319448-24)Date lodged:16/09/2026EIAR:NoNIS:NoPartiesKnockanarragh Wind Farm Limited
															(Active)",Request to alter the terms of the previously permitted Knockanarragh Wind Farm (ABP-319448-24),Meath,Case is due to be decided by 19/01/2027 Description: Request to alter the terms of the previously permitted Knockanarrag,16/09/2026,,N,https://www.pleanala.ie/en-ie/case/324656,wind,18/09/2026,53.6046,-6.6567
502115,"Planning AppealKnavinstown and Coolfore, Curragha, County MeathCase reference:502115Status:Case due to be decided by 26-01-2027Description:10 year planning consent for solar PV energy installation on 62.29 hectares and all associated site works. A Natura...Date lodged:14/09/2026EIAR:NoNIS:YesPartiesSolar Farmers Limited
								(Applicant)Solar Farmers Limited
								(1st Party Appellant)
															(Active)Meath County Council
								(Planning Authority)
															(Active)",10 year planning consent for solar PV energy installation on 62.29 hectares and all associated site works. A Natura...,Meath,Case due to be decided by 26-01-2027 Description: 10 year planning consent for solar PV energy installation on 62.29 hec,14/09/2026,,N,https://www.pleanala.ie/en-ie/case/502115,solar,18/09/2026,53.6046,-6.6567
323688,"Planning AppealLISTELLIAN , LETTERKENNY , CO. DONEGALCase reference:323688Status:Grant permission with revised conditionsDescription:Extension of existing ESB Networks 110KV substation compound, construction of a 110KV switchgear building and const...Date lodged:18/09/2025
					;Signed: 14/09/2026EIAR:NoNIS:YesPartiesEirgrid plc
								(Applicant)Geraldine Browne
								(3rd Party Appellant)
															(Active)","Extension of existing ESB Networks 110KV substation compound, construction of a 110KV switchgear building and const...",Donegal,"Grant permission with revised conditions Description: Extension of existing ESB Networks 110KV substation compound, cons",18/09/2025,,D,https://www.pleanala.ie/en-ie/case/323688,grid,18/09/2026,54.6549,-8.1109
500475,"Planning AppealShessy North Shessy South Lydacan South , South Galway , Co. GalwayCase reference:500475Status:Appeal withdrawn S.140(1)(a)Description:Permission for a proposed solar farm development.
A Natura Impact Statement (NIS) has been submitted with the appl...Date lodged:15/12/2025
					;Signed: 17/09/2026EIAR:NoNIS:YesPartiesBNRG Shessy Limited
								(Applicant)Brian Gill
								(3rd Party Appellant)
															(Withdrawn)Sustainable Energy Authority of Ireland
								(Interested)
															(Active)",Permission for a proposed solar farm development.,Galway,Appeal withdrawn S.140(1)(a) Description: Permission for a proposed solar farm development.,15/12/2025,,D,https://www.pleanala.ie/en-ie/case/500475,solar,18/09/2026,53.2707,-9.0568
319518,"Planning AppealDunnstown, Co. Kildare.Case reference:319518Status:Grant Permissions with ConditionsDescription:10 year planning permission for the construction of enclosed battery energy storage system compound and all associa...Date lodged:16/04/2024
					;Signed: 15/09/2026EIAR:NoNIS:NoPartiesStrategic Power Projects Limited
								(Applicant)Strategic Power Limited
								(1st Party Appellant)Clementville Limited
								(3rd Party Appellant)
															(Active)Barry Mahon
															(Invalid)",10 year planning permission for the construction of enclosed battery energy storage system compound and all associa...,Carlow,Grant Permissions with Conditions Description: 10 year planning permission for the construction of enclosed battery ener,16/04/2024,,D,https://www.pleanala.ie/en-ie/case/319518,bess,18/09/2026,52.8377,-6.9298
324632,"Electricity Development ApplicationLocated in the townlands of Ballyneague, Ballydaniel, Knocknagappagh, County Cork.Case reference:324632Status:Case is due to be decided byDescription:Proposed development of a 220kV Air Insulated Substation (AIS) and Loop-in Grid Connection at Greenhills Solar FarmDate lodged:08/09/2026EIAR:NoNIS:YesPartiesPerigus Energy Ireland Midco Limited
								(Applicant)Perigus Energy Ireland Midco Limited
															(Active)",Proposed development of a 220kV Air Insulated Substation (AIS) and Loop-in Grid Connection at Greenhills Solar Farm,Cork,Case is due to be decided by Description: Proposed development of a 220kV Air Insulated Substation (AIS) and Loop-in Gri,08/09/2026,,N,https://www.pleanala.ie/en-ie/case/324632,solar,11/09/2026,51.8985,-8.4756
324639,"ReferralWestmanstown Sports and Conference Centre, Lucan Road, Clonsilla, Dublin 15, D15 Y2DHCase reference:324639Status:Case is due to be decided by 11/01/2027Description:Whether the construction of solar panels surface mounted 254 panels - LONGI 645w Pv Panels - single line along car ...Date lodged:08/09/2026EIAR:NoNIS:NoPartiesDublin Metropolitan Garda Recreation Club
								(1st party Referrer)Dublin Metropolitan Garda Recreation Club
								(1st party Referrer)
															(Active)",Whether the construction of solar panels surface mounted 254 panels - LONGI 645w Pv Panels - single line along car ...,Dublin,Case is due to be decided by 11/01/2027 Description: Whether the construction of solar panels surface mounted 254 panels,08/09/2026,,N,https://www.pleanala.ie/en-ie/case/324639,solar,11/09/2026,53.3498,-6.2603
502104,"Planning AppealRathduff , Townland of Thomastown Demesne South , Co. TipperaryCase reference:502104Status:Case due to be decided by 21-01-2027Description:RED III. reconfiguration and enlargement to include solar farm and ESB section with all associated site worksDate lodged:09/09/2026EIAR:NoNIS:NoPartiesRenewable Energy Systems Ltd
								(Applicant)Sustainable Energy Authority of Ireland (SEAI)
															(Active)Tom Whelan
								(3rd Party Appellant)
															(Active)Tipperary County Council
								(Planning Authority)
															(Active)",RED III. reconfiguration and enlargement to include solar farm and ESB section with all associated site works,Tipperary,Case due to be decided by 21-01-2027 Description: RED III. reconfiguration and enlargement to include solar farm and ESB,09/09/2026,,N,https://www.pleanala.ie/en-ie/case/502104,solar,11/09/2026,52.6807,-7.8246
324650,"Marine Development - Applicationlocated in the Irish Sea, approximately 10 km off the County Wicklow Coast. The onshore substat...Case reference:324650Status:Case is due to be decided by 25/03/2027Description:Proposed decommissioning of the Arklow Bank Wind Park Phase I, an offshore wind farm, consisting of a generating st...Date lodged:10/09/2026EIAR:YesNIS:YesPartiesArklow Energy Limited
															(Active)","Proposed decommissioning of the Arklow Bank Wind Park Phase I, an offshore wind farm, consisting of a generating st...",Wicklow,"Case is due to be decided by 25/03/2027 Description: Proposed decommissioning of the Arklow Bank Wind Park Phase I, an o",10/09/2026,,N,https://www.pleanala.ie/en-ie/case/324650,wind,11/09/2026,52.9915,-6.3647
324130,"Amendment to decision on Electricity Developmentlocated within the townlands of Ballinrea, Ballinrea South, Ardnacloghy, Shannonpark, Hilltown,...Case reference:324130Status:WithdrawnDescription:Proposed alteration to the permitted Ballinrea 110kV Substation and Underground Grid Connection (ABP-317706-23)Date lodged:09/03/2026
					;Signed: 09/09/2026EIAR:NoNIS:NoPartiesBallinrea Solar Farm Ltd (Orsted)
								(Applicant)Ballinrea Solar Farm Ltd (Orsted)
															(Active)Ballinrea Solar Farm Ltd.",Proposed alteration to the permitted Ballinrea 110kV Substation and Underground Grid Connection (ABP-317706-23),Cork,Withdrawn Description: Proposed alteration to the permitted Ballinrea 110kV Substation and Underground Grid Connection (,09/03/2026,,D,https://www.pleanala.ie/en-ie/case/324130,solar,11/09/2026,51.8985,-8.4756
316156,"Private Development - REDIII Pre-applicationTownlands of Loughill, Ballyouskill, Firoda Upper, Rathgarry, Skehana, Moyhora and Crutt, Co. K...Case reference:316156Status:WithdrawnDescription:Proposed development of Fassa Windfarm which comprises between 13 and 20 no. wind turbines along with meteorologica...Date lodged:24/03/2023
					;Signed: 08/09/2026EIAR:NoNIS:NoPartiesEcopower Developments
								(Applicant)Ecopower Developments
								(Applicant)
															(Withdrawn)",Proposed development of Fassa Windfarm which comprises between 13 and 20 no. wind turbines along with meteorologica...,Unknown,Withdrawn Description: Proposed development of Fassa Windfarm which comprises between 13 and 20 no. wind turbines along ,24/03/2023,,D,https://www.pleanala.ie/en-ie/case/316156,wind,11/09/2026,53.4129,-8.2439
501904,"Leave to Appeal S37(6)Kilathmoy Substation , Athea Upper , Athea Co. LimerickCase reference:501904Status:Application for leave to appeal refusedDescription:RED III: 10 year permission for Long duration energy storage facility to include BESS compound and all associated s...Date lodged:19/08/2026
					;Signed: 11/09/2026EIAR:NoNIS:YesPartiesWinter Winds Ltd
								(Applicant)Limerick City and County Council
								(Planning Authority)
															(Active)Timothy Scanlon
								(Applicant For Leave To Appeal)
															(Active)",RED III: 10 year permission for Long duration energy storage facility to include BESS compound and all associated s...,Limerick,Application for leave to appeal refused Description: RED III: 10 year permission for Long duration energy storage facili,19/08/2026,,D,https://www.pleanala.ie/en-ie/case/501904,bess,11/09/2026,52.6638,-8.6267
324628,"Amendment to decision on Electricity Developmentlocated at Lysaghtstown, Mildeton, Co. Cork .Case reference:324628Status:Case is due to be decided by 07/01/2027Description:Section 146B request to alter the permitted 110kV substation (ABP-308979-20)Date lodged:04/09/2026EIAR:YesNIS:YesPartiesLysaghtstown Solar Farm Limited
								(Applicant)Lysaghtstown Solar Farm Limited
															(Active)",Section 146B request to alter the permitted 110kV substation (ABP-308979-20),Cork,Case is due to be decided by 07/01/2027 Description: Section 146B request to alter the permitted 110kV substation (ABP-3,04/09/2026,,N,https://www.pleanala.ie/en-ie/case/324628,solar,04/09/2026,51.8985,-8.4756
324606,Planning AppealCase reference:324606Status:Case is due to be decided by 04/01/2027Date lodged:31/08/2026EIAR:NoNIS:No,proposed extension and addition of new electrical equipment to a consented 110kV substation compound (ABP-319662-24...,Meath,Case is due to be decided by 04/01/2027,31/08/2026,,N,https://www.pleanala.ie/en-ie/case/324606,grid,04/09/2026,53.6046,-6.6567
324626,"Pre-Application Consultation RequestRicetown, Co. MeathCase reference:324626Status:Case is due to be decided by 06/01/2027Description:proposed extension and addition of new electrical equipment to a consented 110kV substation compound (ABP-319662-24...Date lodged:03/09/2026EIAR:NoNIS:NoPartiesStatkraft Ireland
								(Applicant)Statkraft Ireland
															(Active)",proposed extension and addition of new electrical equipment to a consented 110kV substation compound (ABP-319662-24...,Meath,Case is due to be decided by 06/01/2027 Description: proposed extension and addition of new electrical equipment to a co,03/09/2026,,N,https://www.pleanala.ie/en-ie/case/324626,grid,04/09/2026,53.6046,-6.6567
502020,"Planning AppealPollymount, Bellanamullia, Scramoge, Treanaceeve and Ballyhubert, Co. Roscommon.Case reference:502020Status:Case due to be decided by 14-01-2027Description:10-year planning permission and 35-year operational life of a wind farm consisting of six wind turbines and all ass...Date lodged:02/09/2026EIAR:YesNIS:YesPartiesBallyfeeny Green Energy Limited
								(Applicant)John Coggeran & Others
								(3rd Party Appellant)
															(Active)Sustainable Energy Authority of Ireland (SEAI)
															(Active)Roscommon County Council
								(Planning Authority)
															(Active)",10-year planning permission and 35-year operational life of a wind farm consisting of six wind turbines and all ass...,Roscommon,Case due to be decided by 14-01-2027 Description: 10-year planning permission and 35-year operational life of a wind far,02/09/2026,,N,https://www.pleanala.ie/en-ie/case/502020,wind,04/09/2026,53.6291,-8.1868
324452,Filter,"Request to alter the already permitted White Hill Wind Farm (ABP-315365-21 & ABP-319903-24),",Carlow,"Withdrawn Description: Request to alter the already permitted White Hill Wind Farm (ABP-315365-21 & ABP-319903-24),",22/07/2026,,D,https://www.pleanala.ie/en-ie/case/324452,wind,04/09/2026,52.8377,-6.9298
